Product Name,Price
"Vivo T3 Lite 5G Smartphone (Majestic Black, 6GB Ram 128GB Storage)","13,999"
"vivo Y18e (Space Black, 4GB RAM, 64GB Storage) with No Cost EMI/Additional Exchange Offers | Without Charger","7,999"
"Vivo Y200 5G Mobile (Jungle Green, 8GB RAM, 256GB Storage) with No Cost EMI/Additional Exchange Offers","22,999"
"vivo Y28s 5G (Vintage Red, 6GB RAM, 128GB Storage) with No Cost EMI/Additional Exchange Offers","15,499"
"vivo Y28s 5G (Twinkling Purple, 6GB RAM, 128GB Storage) with No Cost EMI/Additional Exchange Offers","15,499"
"vivo Y28e 5G (Vintage Red, 4GB RAM, 64GB Storage) with No Cost EMI/Additional Exchange Offers | Without Charger","10,999"
"Vivo V30 5G (Peacock Green, 8GB RAM, 128GB Storage) without Offers","29,880"
"vivo Y28e 5G (Vintage Red, 4GB RAM, 128GB Storage) with No Cost EMI/Additional Exchange Offers | Without Charger","11,999"
"Vivo T3x 5G (Crimson Bliss, 128 GB) (6 GB RAM)","16,250"
"Vivo T2 Pro 5G (New Moon Black, 256 GB) (8 GB RAM)","24,900"
"Vivo Y200e 5G (Saffron Delight, 8GB RAM, 128GB Storage) with No Cost EMI/Additional Exchange Offers","20,999"
"vivo Y28e 5G (Breeze Green, 4GB RAM, 64GB Storage) with No Cost EMI/Additional Exchange Offers | Without Charger","10,999"
"vivo Y28s 5G (Twinkling Purple, 4GB RAM, 128GB Storage) with No Cost EMI/Additional Exchange Offers","13,999"
"vivo Y28s 5G (Vintage Red, 4GB RAM, 128GB Storage) with No Cost EMI/Additional Exchange Offers","13,999"
"vivo Y18e (Gem Green, 4GB RAM, 64GB Storage) with No Cost EMI/Additional Exchange Offers | Without Charger","7,999"
"Vivo T3x 5G (Celestial Green, 128 GB) (6 GB RAM)","15,930"
